file,species
043449b0b.png,Common Chickweed
446f7da01.png,Common Chickweed
93d76fd5d.png,Fat Hen
5ca2687a4.png,Common Chickweed
cae684f8f.png,Common Chickweed
36d62bf36.png,Common Chickweed
caa2fbd79.png,Common Chickweed
060f1dc84.png,Common Chickweed
ce15eee52.png,Common Chickweed
8170d33c1.png,Loose Silky-bent
33748968f.png,Small-flowered Cranesbill
da231c97f.png,Common Chickweed
7d22abf91.png,Common Chickweed
808578ed5.png,Maize
3edf5e9ef.png,Common wheat
2a667e099.png,Scentless Mayweed
780defa2e.png,Loose Silky-bent
37e545a60.png,Common Chickweed
19fdf19fb.png,Common Chickweed
892e9d6c6.png,Small-flowered Cranesbill
48231e475.png,Charlock
6df8e31ea.png,Fat Hen
7f31c7f42.png,Charlock
e721c6ac8.png,Common Chickweed
b9062c1c8.png,Common Chickweed
b31292706.png,Common Chickweed
7a38416be.png,Scentless Mayweed
5ca0205f9.png,Charlock
dabe3e5be.png,Common Chickweed
b573b7a56.png,Common Chickweed
fda0b5c38.png,Charlock
cd6adba97.png,Scentless Mayweed
122913909.png,Common Chickweed
cbe761896.png,Small-flowered Cranesbill
e14afa235.png,Scentless Mayweed
974959ec1.png,Sugar beet
618de3d7a.png,Small-flowered Cranesbill
a7bd7cadb.png,Fat Hen
d3331e071.png,Common Chickweed
f9f35cbd4.png,Common Chickweed
d0152bd7c.png,Common Chickweed
8a30b2de3.png,Black-grass
71f5323c5.png,Scentless Mayweed
0437393b1.png,Common Chickweed
1758a1baf.png,Common Chickweed
711b46fba.png,Scentless Mayweed
0c45ace27.png,Common Chickweed
1312065a5.png,Small-flowered Cranesbill
7b52585da.png,Common Chickweed
dc55449b2.png,Black-grass
5817b766d.png,Common Chickweed
4b155fb07.png,Common Chickweed
2e86f1085.png,Loose Silky-bent
b39c71707.png,Cleavers
26852751a.png,Common Chickweed
7f9e9565d.png,Common Chickweed
bffc08672.png,Common Chickweed
24d78df74.png,Common Chickweed
c0461776c.png,Common Chickweed
dd5ec63d9.png,Small-flowered Cranesbill
5b3beec58.png,Common Chickweed
cf90fc52d.png,Common Chickweed
0a64e3e6c.png,Loose Silky-bent
7c85b0265.png,Common Chickweed
338c7e907.png,Common Chickweed
bb1d1bfd3.png,Fat Hen
36ed4f215.png,Common Chickweed
35a90f8d0.png,Shepherds Purse
550a8b7e6.png,Common Chickweed
ce42adffb.png,Loose Silky-bent
55920f07f.png,Small-flowered Cranesbill
b026bf8ca.png,Common Chickweed
cadab6616.png,Common Chickweed
e52493d0b.png,Common Chickweed
16467a950.png,Scentless Mayweed
35ebe165c.png,Fat Hen
4c8005bbc.png,Common Chickweed
29f49cd0b.png,Common Chickweed
34dd57ca9.png,Scentless Mayweed
675ec1b0b.png,Common Chickweed
99569b224.png,Common Chickweed
9fab816f2.png,Common Chickweed
a8b431a3e.png,Common Chickweed
b4c3df835.png,Common Chickweed
406162ef9.png,Common Chickweed
855955aaf.png,Common Chickweed
165681fd9.png,Charlock
615d2b0a9.png,Loose Silky-bent
3fbf1a417.png,Common Chickweed
a8da9c08d.png,Common Chickweed
8303b27ed.png,Common Chickweed
b62dca166.png,Fat Hen
32c86784b.png,Cleavers
f9ea23fb5.png,Loose Silky-bent
c1ecff98b.png,Common Chickweed
4c7838de4.png,Sugar beet
8b9144917.png,Common Chickweed
6be169e41.png,Common Chickweed
fbf88b6be.png,Scentless Mayweed
a4b61a4ea.png,Small-flowered Cranesbill
219fd68d5.png,Fat Hen
e19ad6ac9.png,Black-grass
39c8fde99.png,Common Chickweed
1821eb11a.png,Common Chickweed
e3f50adfc.png,Maize
da5255450.png,Loose Silky-bent
a800caead.png,Scentless Mayweed
e73e308be.png,Common Chickweed
b7ad92859.png,Loose Silky-bent
beebe5f4e.png,Fat Hen
4392d93cf.png,Common Chickweed
02cfeb38d.png,Loose Silky-bent
e0ec5b6a1.png,Common Chickweed
b130a0632.png,Common Chickweed
23e480e64.png,Common Chickweed
ede6b84b4.png,Common Chickweed
5b3000b9a.png,Small-flowered Cranesbill
0ad9e7dfb.png,Fat Hen
d17f48d3b.png,Fat Hen
bb64660b7.png,Common Chickweed
fea1d13d6.png,Cleavers
0fb233ad6.png,Common Chickweed
3d67c434b.png,Common Chickweed
c63da993b.png,Common Chickweed
800a8c17e.png,Fat Hen
aaf4da98f.png,Common Chickweed
c5e88cd42.png,Common Chickweed
b29339405.png,Scentless Mayweed
a5db42f7d.png,Fat Hen
e6f1211a2.png,Charlock
785a73ab8.png,Charlock
c74c5b7fc.png,Common Chickweed
eec1079a1.png,Common Chickweed
593896f83.png,Common Chickweed
592473c83.png,Common Chickweed
ad12382d4.png,Common Chickweed
4f83143e1.png,Common Chickweed
55fed435f.png,Common Chickweed
bfab3e3d0.png,Common Chickweed
3efa1f66c.png,Black-grass
5af1d74ee.png,Common Chickweed
16fd2e01a.png,Common Chickweed
fa5fd1384.png,Scentless Mayweed
dd9f36df7.png,Sugar beet
0625f063b.png,Common Chickweed
6c874918c.png,Common Chickweed
20817c846.png,Common Chickweed
97b2f0a10.png,Black-grass
0c51bf229.png,Common Chickweed
502dff972.png,Loose Silky-bent
9df3275da.png,Common Chickweed
377283a21.png,Common Chickweed
e15fce4f2.png,Common Chickweed
2f246d688.png,Fat Hen
efe19dc32.png,Black-grass
25fa8d109.png,Common Chickweed
32b42c120.png,Common Chickweed
ffc6f8527.png,Black-grass
966ae5ad9.png,Common Chickweed
958bb9e96.png,Scentless Mayweed
29ce426a1.png,Common Chickweed
7691014a1.png,Common Chickweed
6da892be6.png,Loose Silky-bent
e15472085.png,Scentless Mayweed
c6b76307d.png,Shepherds Purse
4a337a4a9.png,Charlock
a2c89c367.png,Loose Silky-bent
e84464f5a.png,Common Chickweed
59e1cea8d.png,Small-flowered Cranesbill
d350a25fa.png,Fat Hen
a890ac088.png,Common Chickweed
a0f37c726.png,Scentless Mayweed
8cf2e3e6c.png,Common Chickweed
d7017f701.png,Common Chickweed
12625488b.png,Common Chickweed
64fe8beb9.png,Common Chickweed
53e6e9000.png,Common Chickweed
92292055d.png,Loose Silky-bent
f4caf74f9.png,Common Chickweed
74068643d.png,Shepherds Purse
099b961ec.png,Common Chickweed
8b27bfd2b.png,Common Chickweed
bd789d151.png,Loose Silky-bent
00ef713a8.png,Shepherds Purse
fd253a74e.png,Scentless Mayweed
1191ba346.png,Common Chickweed
35cf9fa01.png,Black-grass
6a41bf95b.png,Common Chickweed
bea23d9f8.png,Common Chickweed
55251925f.png,Common Chickweed
770a265f5.png,Scentless Mayweed
36839d5e9.png,Common Chickweed
a85b48a95.png,Common Chickweed
c0f5d9ac8.png,Common Chickweed
963544aa0.png,Loose Silky-bent
37c3108d6.png,Fat Hen
8ece6efec.png,Common Chickweed
1d48b7564.png,Common Chickweed
be2499cf4.png,Scentless Mayweed
26e7ae885.png,Common Chickweed
9c777333d.png,Common Chickweed
dabea05f4.png,Common Chickweed
c10ccbd82.png,Common Chickweed
126a71ce0.png,Common Chickweed
ef65533d5.png,Black-grass
a254d71f6.png,Common Chickweed
22fbf13d6.png,Common Chickweed
8104422bb.png,Loose Silky-bent
490c4f9c8.png,Black-grass
aecfaed64.png,Fat Hen
0bf7bfb05.png,Loose Silky-bent
b5c7fd009.png,Cleavers
cb496f36e.png,Common Chickweed
f0ffa00bd.png,Scentless Mayweed
995c7ab1e.png,Sugar beet
33448fe39.png,Fat Hen
851c90831.png,Common Chickweed
9c8b08a24.png,Shepherds Purse
7e9cf1c46.png,Common Chickweed
ff65bc002.png,Charlock
65d08b894.png,Common Chickweed
78c5fba1d.png,Common Chickweed
7b21ba6ba.png,Common Chickweed
756dd5070.png,Common wheat
9c0c5b731.png,Cleavers
1c52ea820.png,Common Chickweed
b145ba9d4.png,Common Chickweed
5bd71f445.png,Common Chickweed
8e4eaeec0.png,Sugar beet
0885e7690.png,Scentless Mayweed
c5e419015.png,Common Chickweed
44e8b8833.png,Common Chickweed
08d591441.png,Common Chickweed
a8de7c1b7.png,Common Chickweed
d689256be.png,Common Chickweed
0ae6668fa.png,Common Chickweed
cec5bf198.png,Common Chickweed
4e18ab737.png,Small-flowered Cranesbill
2126dc71b.png,Common Chickweed
ae90f2827.png,Common Chickweed
592cc5b89.png,Common Chickweed
486e59179.png,Loose Silky-bent
a19c3faca.png,Small-flowered Cranesbill
99036c51d.png,Common Chickweed
ace8761dd.png,Fat Hen
07e62f903.png,Scentless Mayweed
46c14fde2.png,Small-flowered Cranesbill
86676d627.png,Loose Silky-bent
50de8a115.png,Cleavers
b03397525.png,Shepherds Purse
7696badea.png,Common Chickweed
239bdf640.png,Common Chickweed
a38b8a581.png,Common Chickweed
4f44ca525.png,Loose Silky-bent
406ecb5c5.png,Common Chickweed
248436078.png,Common Chickweed
976e4e079.png,Common Chickweed
bb1c84bbc.png,Sugar beet
53ceb4657.png,Loose Silky-bent
8d6991365.png,Loose Silky-bent
f25996db8.png,Cleavers
cfb18d262.png,Common Chickweed
466bb6d3b.png,Charlock
647689543.png,Common Chickweed
0dba99002.png,Common Chickweed
a8388a37f.png,Maize
e4a76885b.png,Common Chickweed
862b8e7a0.png,Common Chickweed
01291174f.png,Common Chickweed
7506c0c02.png,Common Chickweed
b1cd2a91e.png,Common Chickweed
0911d3dee.png,Cleavers
41e07778c.png,Black-grass
f33e9d918.png,Loose Silky-bent
00c47e980.png,Common Chickweed
1fefb54b7.png,Common Chickweed
1694a70e4.png,Fat Hen
d515398fd.png,Loose Silky-bent
7beb2766f.png,Common Chickweed
4287d810c.png,Loose Silky-bent
48ef6a2ff.png,Common Chickweed
8301b0547.png,Common Chickweed
534e74d83.png,Small-flowered Cranesbill
4e69d100a.png,Small-flowered Cranesbill
752101fdf.png,Common Chickweed
b944a49ca.png,Common Chickweed
b7192c70f.png,Common Chickweed
4bcdaa5e2.png,Small-flowered Cranesbill
c7ae30f3a.png,Common Chickweed
e5368474f.png,Common Chickweed
aad8375e0.png,Sugar beet
29bab7cad.png,Cleavers
2b55a2da2.png,Loose Silky-bent
23bc8ec4f.png,Common Chickweed
1d56351b2.png,Cleavers
060450d79.png,Common Chickweed
8311740de.png,Common Chickweed
0caeda5df.png,Common Chickweed
c85ef220d.png,Cleavers
fc3e58836.png,Shepherds Purse
897e5a8de.png,Small-flowered Cranesbill
74fd477eb.png,Cleavers
8ab8a958b.png,Common Chickweed
f4e7733d4.png,Fat Hen
79d93bc96.png,Common Chickweed
e5881dd33.png,Scentless Mayweed
8b043093d.png,Common Chickweed
abc331628.png,Small-flowered Cranesbill
2d5058a59.png,Common Chickweed
67ce3eaa6.png,Scentless Mayweed
506347cfe.png,Scentless Mayweed
5a6bf96f6.png,Common Chickweed
2d9c798f9.png,Common Chickweed
0c27cf05f.png,Charlock
1623fb9e1.png,Common Chickweed
a1e0a6c02.png,Common Chickweed
523e5505c.png,Loose Silky-bent
c10db7ae2.png,Common Chickweed
d14aa43f3.png,Common Chickweed
3ebbe9ca4.png,Loose Silky-bent
b30ab4659.png,Common Chickweed
fef2ade8c.png,Common Chickweed
f2dc546ca.png,Common Chickweed
728eabae1.png,Black-grass
60fea2ef6.png,Common Chickweed
6ba4ef411.png,Charlock
31fcdc161.png,Loose Silky-bent
9643fc5f4.png,Common Chickweed
026716f9b.png,Small-flowered Cranesbill
e82017baa.png,Fat Hen
fe29629fb.png,Common Chickweed
87f627bf9.png,Common Chickweed
37297a64c.png,Common Chickweed
e9cd91682.png,Common Chickweed
bd72d4d8a.png,Loose Silky-bent
54b3afd58.png,Common Chickweed
a74d475c2.png,Common Chickweed
5296835a0.png,Small-flowered Cranesbill
2ea664465.png,Common Chickweed
c26ccf73c.png,Common Chickweed
3fbd0fc6a.png,Cleavers
98062cd87.png,Common Chickweed
f9b6bfb00.png,Common Chickweed
55a852f40.png,Common Chickweed
a2b703e21.png,Loose Silky-bent
8e6ec1ca6.png,Small-flowered Cranesbill
ab0f67743.png,Loose Silky-bent
a85fc8c9a.png,Common Chickweed
558aa7deb.png,Charlock
6edb96d45.png,Cleavers
88ac6df54.png,Common Chickweed
03a2ee656.png,Common Chickweed
b828443ff.png,Common Chickweed
187668bde.png,Small-flowered Cranesbill
808cf55c6.png,Sugar beet
969a851be.png,Common Chickweed
5bbc0a255.png,Common Chickweed
fe9e87b78.png,Small-flowered Cranesbill
56a01b835.png,Common Chickweed
5f04aed97.png,Common Chickweed
1541bdb2e.png,Common Chickweed
5a38ac566.png,Common Chickweed
f593c9cf0.png,Common Chickweed
8cfd98117.png,Scentless Mayweed
0d117d910.png,Charlock
a276c65f7.png,Common Chickweed
41f1c3cdb.png,Small-flowered Cranesbill
06d12f6fa.png,Common Chickweed
eaf0815e2.png,Common Chickweed
da4ed3a28.png,Common Chickweed
fa9f3a8f9.png,Common Chickweed
3a909ead8.png,Common Chickweed
66ab0e8d0.png,Fat Hen
d668409ff.png,Common Chickweed
32a8c8a1d.png,Common Chickweed
56112b92c.png,Loose Silky-bent
a544fc46d.png,Scentless Mayweed
b0acaff4a.png,Sugar beet
bebcaab66.png,Common Chickweed
9516e56c4.png,Loose Silky-bent
6b9d6f8c9.png,Loose Silky-bent
ef9676433.png,Common Chickweed
7fdb7202d.png,Scentless Mayweed
9c32a797e.png,Common Chickweed
88d8a4508.png,Loose Silky-bent
60f0bc617.png,Fat Hen
fd925f542.png,Common Chickweed
afa446484.png,Common Chickweed
f4ad9d950.png,Common Chickweed
59c6a9f95.png,Fat Hen
8585f9718.png,Cleavers
c4ed8ed38.png,Common Chickweed
3eda9cbb6.png,Common Chickweed
a006a475c.png,Common Chickweed
a74bf916d.png,Cleavers
3827436f3.png,Common Chickweed
686dc7ec8.png,Black-grass
c7eb96871.png,Common Chickweed
d89db156f.png,Common Chickweed
bb7621cb3.png,Common Chickweed
61b044411.png,Black-grass
d5f7dd60a.png,Common Chickweed
606647f64.png,Common Chickweed
4e1190d78.png,Common Chickweed
f8318faf1.png,Common Chickweed
5315c2dca.png,Scentless Mayweed
3185294c8.png,Common Chickweed
632156793.png,Charlock
77ccb8b2a.png,Common Chickweed
e5e3dccff.png,Common Chickweed
93079d970.png,Scentless Mayweed
d2fd9df40.png,Shepherds Purse
1376f3b63.png,Black-grass
948cdb277.png,Common Chickweed
589e643b8.png,Common Chickweed
df11d56a7.png,Scentless Mayweed
19e58cc5e.png,Fat Hen
b98327bf4.png,Common Chickweed
866be78b0.png,Common Chickweed
24c94a6ca.png,Cleavers
e921021a8.png,Charlock
a2d25b4f3.png,Loose Silky-bent
37714071b.png,Common Chickweed
79fba50db.png,Black-grass
a169b71e7.png,Common Chickweed
4ac29bbf0.png,Sugar beet
6b721f68e.png,Common Chickweed
7cabd68cc.png,Common Chickweed
85431c075.png,Charlock
1be0713da.png,Common Chickweed
24a058589.png,Common Chickweed
bf3924a57.png,Fat Hen
d2f0f326e.png,Common wheat
bdde957ec.png,Cleavers
ac3193f78.png,Common Chickweed
8a4d3a1b1.png,Loose Silky-bent
9d3cb4745.png,Fat Hen
63c07d340.png,Common Chickweed
1d0cbd819.png,Common Chickweed
e478c452c.png,Common Chickweed
e1809cef2.png,Common wheat
c6c8d4ba0.png,Common Chickweed
54c8bb900.png,Fat Hen
78b1bf91a.png,Common Chickweed
3eebd36c6.png,Common Chickweed
f3fcfff1b.png,Scentless Mayweed
5b63dcc21.png,Cleavers
780bd2a2c.png,Common Chickweed
31f3dd81f.png,Common Chickweed
2693e5c65.png,Scentless Mayweed
79e5ea8fa.png,Loose Silky-bent
fadc6adbc.png,Common Chickweed
75cb95e91.png,Common Chickweed
39d569be4.png,Loose Silky-bent
e88bf0db9.png,Common Chickweed
c50335991.png,Common Chickweed
22e79540f.png,Fat Hen
11d3f68ff.png,Common Chickweed
b215531dd.png,Common Chickweed
ba3ce6b3e.png,Scentless Mayweed
e9d48d664.png,Common Chickweed
cbba27d89.png,Cleavers
8916793ce.png,Common Chickweed
8e2e5604e.png,Charlock
65489944f.png,Cleavers
4049a6ea6.png,Common Chickweed
953496deb.png,Small-flowered Cranesbill
cf46d09c5.png,Common Chickweed
6982a9d30.png,Common Chickweed
73260a4ee.png,Common Chickweed
80e299ae9.png,Fat Hen
3e9f41817.png,Common Chickweed
c069fc3fa.png,Common Chickweed
de0b79659.png,Common Chickweed
ef02b4ee7.png,Common Chickweed
071cb3ece.png,Common Chickweed
4bbfd1e05.png,Common Chickweed
39b740f7e.png,Sugar beet
dfb1d9012.png,Common Chickweed
4ea7493d5.png,Small-flowered Cranesbill
0751c0bbc.png,Small-flowered Cranesbill
a9d2eab61.png,Shepherds Purse
d9c50616e.png,Common Chickweed
17a78fb44.png,Common Chickweed
f445fe6fb.png,Common Chickweed
78750e0ff.png,Small-flowered Cranesbill
f23faf9c1.png,Fat Hen
3f64c2c1b.png,Common Chickweed
063363305.png,Common Chickweed
ce3d280eb.png,Black-grass
76dbd1054.png,Common Chickweed
05341a8a6.png,Common Chickweed
60ee66ddd.png,Common Chickweed
0c4199daa.png,Small-flowered Cranesbill
d01873fdd.png,Common Chickweed
c0bc3997b.png,Common Chickweed
e19673dc9.png,Common Chickweed
cc74feadc.png,Black-grass
8874bba69.png,Scentless Mayweed
410e6f702.png,Loose Silky-bent
8d6acbe9b.png,Common Chickweed
0e8492cb1.png,Common Chickweed
38c054379.png,Common Chickweed
599c82eea.png,Common Chickweed
d488a4fe1.png,Common Chickweed
b47691c08.png,Fat Hen
116b136de.png,Loose Silky-bent
3abb502fb.png,Loose Silky-bent
0d31e6602.png,Common Chickweed
659412b1a.png,Scentless Mayweed
df521c0c0.png,Cleavers
a35fd6fbb.png,Common Chickweed
2a5064f19.png,Common Chickweed
be341dbdc.png,Common Chickweed
cfd8165e9.png,Common Chickweed
8e29abce1.png,Common Chickweed
664194d19.png,Common Chickweed
6d6eb3830.png,Common Chickweed
d102e1a15.png,Common Chickweed
241e6935a.png,Common Chickweed
754b1adf8.png,Scentless Mayweed
ef3e232ad.png,Small-flowered Cranesbill
856f2910a.png,Common Chickweed
da713c465.png,Common Chickweed
f66ae4070.png,Common Chickweed
a8c8a1db0.png,Scentless Mayweed
8a8d6c712.png,Small-flowered Cranesbill
52dc7a4d6.png,Common Chickweed
71b232519.png,Common Chickweed
03ef36742.png,Common Chickweed
3526b05cc.png,Common Chickweed
dce2f6612.png,Fat Hen
f48916a8c.png,Small-flowered Cranesbill
86c309150.png,Common Chickweed
1d321253f.png,Black-grass
2406d6c99.png,Common Chickweed
1cfd91582.png,Black-grass
2d992d1fb.png,Common Chickweed
c0d9e170b.png,Small-flowered Cranesbill
8cf909eb3.png,Sugar beet
76555b064.png,Common Chickweed
a3d0031fd.png,Common Chickweed
17d5e5ac4.png,Loose Silky-bent
1b490196c.png,Common Chickweed
3dd52bd2a.png,Common Chickweed
b6a3f7876.png,Loose Silky-bent
42e7ed442.png,Common Chickweed
6edc76e7c.png,Loose Silky-bent
809eb0b82.png,Fat Hen
3b73c3b61.png,Small-flowered Cranesbill
f4234cf4f.png,Common Chickweed
97844bfd5.png,Small-flowered Cranesbill
abf8b0772.png,Scentless Mayweed
a0b393945.png,Small-flowered Cranesbill
7d4cd07ad.png,Loose Silky-bent
adb7a032c.png,Sugar beet
e5064f6be.png,Common Chickweed
65e262a6d.png,Common Chickweed
b7a7f6390.png,Loose Silky-bent
2bd74d2da.png,Small-flowered Cranesbill
b341d0aab.png,Common Chickweed
d8f4923f8.png,Scentless Mayweed
39858776a.png,Small-flowered Cranesbill
5c3cd7ea2.png,Scentless Mayweed
8db450ce3.png,Common Chickweed
456d507c0.png,Fat Hen
3d38a87bc.png,Common Chickweed
ac75d3326.png,Common Chickweed
98d819587.png,Loose Silky-bent
3d65168c2.png,Loose Silky-bent
cc3d2a59a.png,Loose Silky-bent
0086a6340.png,Common Chickweed
827279bad.png,Loose Silky-bent
dc4cd56a3.png,Fat Hen
8f523520c.png,Sugar beet
f85ed9b6d.png,Fat Hen
599691cd9.png,Common Chickweed
1dc7c45df.png,Maize
e96e57a90.png,Loose Silky-bent
288564c76.png,Common Chickweed
e98e5d1d5.png,Loose Silky-bent
8e3ed0a25.png,Common Chickweed
fdea6b119.png,Loose Silky-bent
47f9e5d91.png,Common Chickweed
c64370a72.png,Common Chickweed
bb20fce02.png,Common Chickweed
003d61042.png,Common Chickweed
25cf6eb73.png,Scentless Mayweed
71334c634.png,Common Chickweed
e80a259c5.png,Black-grass
444473900.png,Small-flowered Cranesbill
90b595f12.png,Scentless Mayweed
3f92d8039.png,Common Chickweed
1f3f44563.png,Small-flowered Cranesbill
223e4af09.png,Common Chickweed
fd87b36ae.png,Common Chickweed
521b27a17.png,Common Chickweed
1f290e016.png,Common Chickweed
cb76a7766.png,Loose Silky-bent
fea355851.png,Small-flowered Cranesbill
3281183f9.png,Common Chickweed
03e322a29.png,Sugar beet
25a4c427e.png,Fat Hen
ec08a5d56.png,Common Chickweed
8a32d0bfa.png,Cleavers
8ca6140ca.png,Small-flowered Cranesbill
e7077322d.png,Shepherds Purse
03566743d.png,Common Chickweed
13b9fa92d.png,Scentless Mayweed
4bbf1f6ea.png,Small-flowered Cranesbill
c7b07431e.png,Small-flowered Cranesbill
007b3da8b.png,Common Chickweed
fb022edf9.png,Common Chickweed
089ad62a7.png,Cleavers
59f62ad1d.png,Common Chickweed
19b51843a.png,Common Chickweed
59358cd44.png,Common Chickweed
acdb75e00.png,Common Chickweed
148bbda66.png,Common Chickweed
2dd5cfba9.png,Shepherds Purse
721be0a4a.png,Small-flowered Cranesbill
4823c3ffa.png,Common Chickweed
e1a0e3202.png,Sugar beet
429211ee6.png,Loose Silky-bent
33317fc2a.png,Cleavers
d563be369.png,Cleavers
9baf94467.png,Common Chickweed
9b9911f20.png,Common Chickweed
b6f3d8b5d.png,Common Chickweed
0f6cbe5e8.png,Common Chickweed
20e562fd5.png,Scentless Mayweed
6680836dd.png,Common Chickweed
835dc5447.png,Common Chickweed
9326bda1b.png,Common Chickweed
391dcd7fd.png,Common Chickweed
e901b0f28.png,Scentless Mayweed
d41d87796.png,Common Chickweed
8c9953903.png,Common Chickweed
ef7a5651d.png,Common Chickweed
6049234e6.png,Common Chickweed
590f5aea6.png,Common Chickweed
cf3a8b2fd.png,Loose Silky-bent
86f08e6d1.png,Scentless Mayweed
258b1183c.png,Common Chickweed
91e469b4a.png,Black-grass
69d1669f8.png,Common Chickweed
5bdcfa329.png,Common Chickweed
a55d26a4c.png,Common Chickweed
2f0004a7f.png,Common Chickweed
c2de6020a.png,Common Chickweed
74d810f87.png,Black-grass
4c5ab9b68.png,Common Chickweed
48d97c645.png,Common Chickweed
5883b423d.png,Common Chickweed
837ac0270.png,Small-flowered Cranesbill
604dd663f.png,Common Chickweed
a83820a2c.png,Common Chickweed
1e095a7e1.png,Black-grass
7d3045fc3.png,Common Chickweed
90d119d25.png,Fat Hen
270b939cf.png,Charlock
721b2c47a.png,Black-grass
5dcad9a53.png,Charlock
d0cdc768f.png,Common wheat
5e6a237f2.png,Common Chickweed
6dd095129.png,Common Chickweed
824f5d4e5.png,Fat Hen
9b4800b42.png,Common Chickweed
b4f7c9214.png,Common Chickweed
dcd7ff249.png,Shepherds Purse
47b7d8e17.png,Common Chickweed
a3b375b34.png,Common Chickweed
d6c8c3c48.png,Cleavers
1364b297a.png,Black-grass
172f9b10b.png,Common Chickweed
f351ce097.png,Common Chickweed
177d7e2a4.png,Black-grass
d84d37a61.png,Common Chickweed
82b5f4d33.png,Common Chickweed
8faadb6a8.png,Common Chickweed
c60e91e07.png,Common Chickweed
04814f36d.png,Common Chickweed
8455169fe.png,Common Chickweed
20f983a71.png,Charlock
da9ef7858.png,Common Chickweed
fc6f686fb.png,Common Chickweed
3bbef3ecb.png,Common Chickweed
e471f1d3a.png,Common Chickweed
52a87abe5.png,Fat Hen
17529c555.png,Fat Hen
c7051c902.png,Common Chickweed
6a47821f9.png,Common Chickweed
24d36c52c.png,Common Chickweed
1f5e5554e.png,Black-grass
c5078bac5.png,Loose Silky-bent
a1da8be3c.png,Common Chickweed
205df1df3.png,Cleavers
edfdb4aeb.png,Common Chickweed
aa7d098d1.png,Common Chickweed
eef131644.png,Black-grass
e5297b675.png,Common Chickweed
c88ebfb47.png,Common Chickweed
14bb43eee.png,Common Chickweed
5eb9c26a6.png,Common Chickweed
79dafec17.png,Common Chickweed
ab35453cb.png,Scentless Mayweed
b3d6fdb80.png,Common Chickweed
9d79a1f0c.png,Common Chickweed
c832e4302.png,Cleavers
e1abb4ff9.png,Common Chickweed
7f46a71db.png,Fat Hen
3da774107.png,Common Chickweed
2df78338c.png,Common Chickweed
87608f7aa.png,Black-grass
1459e96a0.png,Shepherds Purse
9a3f20121.png,Common Chickweed
9cce7328c.png,Common Chickweed
96ecad7a1.png,Small-flowered Cranesbill
cd5f0db1c.png,Shepherds Purse
fba8fc78a.png,Maize
9aa5587fe.png,Loose Silky-bent
af45e222a.png,Common Chickweed
65e97117e.png,Small-flowered Cranesbill
4e9d3765f.png,Loose Silky-bent
d09275360.png,Common Chickweed
279df95f2.png,Common Chickweed
0ee4ad224.png,Shepherds Purse
085974290.png,Common Chickweed
0ebf8f2f4.png,Common Chickweed
668c1007c.png,Charlock
0c5f6c493.png,Common Chickweed
aee6fa3df.png,Common Chickweed
96f14d90c.png,Common Chickweed
3f826b318.png,Common Chickweed
5ee9d0a5b.png,Loose Silky-bent
a935ca110.png,Common Chickweed
c06e7c748.png,Common Chickweed
a93f940d6.png,Common Chickweed
f6d250856.png,Small-flowered Cranesbill
d6d80a321.png,Black-grass
8bc0261c9.png,Common Chickweed
d09d24c58.png,Common Chickweed
16357b436.png,Loose Silky-bent
f1e87cba7.png,Scentless Mayweed
61dd2cdc5.png,Common Chickweed
fda39e16f.png,Common wheat
2ff5cb348.png,Common Chickweed
4b032563b.png,Common Chickweed
00d090cde.png,Common Chickweed
1c680883c.png,Scentless Mayweed
bf66b9cd2.png,Fat Hen
653193c1a.png,Common Chickweed
df7cb5f87.png,Shepherds Purse
fea3da57c.png,Black-grass
e4d5ec761.png,Common Chickweed
24dbc3b21.png,Common Chickweed
30ad31220.png,Loose Silky-bent
afcf6abd5.png,Small-flowered Cranesbill
20ea96bcc.png,Loose Silky-bent
6db684fff.png,Common Chickweed
b3e08b037.png,Common Chickweed
e783f5a4f.png,Common Chickweed
43ede9de9.png,Common Chickweed
c35efa095.png,Small-flowered Cranesbill
d2f422ccb.png,Loose Silky-bent
1926e82fd.png,Common Chickweed
c75a82234.png,Common Chickweed
71e73a8a0.png,Common Chickweed
7615e52d3.png,Small-flowered Cranesbill
539961189.png,Common Chickweed
8c98a6e9b.png,Fat Hen
6bce55e05.png,Loose Silky-bent
f4021df6c.png,Common Chickweed
ef74dbcad.png,Common Chickweed
8dbb8e1b9.png,Sugar beet
d93c7ab6d.png,Common Chickweed
1bf9b94a6.png,Loose Silky-bent
1b6a6494d.png,Common Chickweed
6908fb540.png,Shepherds Purse
98da6ef4e.png,Common Chickweed
5bc6595f6.png,Common Chickweed
19618ad6a.png,Common Chickweed
c8f50f0c3.png,Cleavers
f1f7c833f.png,Common Chickweed
b687160f5.png,Common Chickweed
a060c1cf8.png,Scentless Mayweed
67e185673.png,Scentless Mayweed
59b2c6f2b.png,Common Chickweed
0021e90e4.png,Common Chickweed
5779fe8b4.png,Common Chickweed
d6d31dcbe.png,Common Chickweed
699d3c707.png,Common Chickweed
115f93ecc.png,Loose Silky-bent
b2706e2b3.png,Scentless Mayweed
